1,1,1,1,2019-12-24T10:33:33.339,2019-12-24T10:33:33.339
1,2,2,2,2019-12-24T12:33:33.338,2019-12-24T12:33:33.338
1,3,3,3,2019-12-24T13:33:33.337,2019-12-24T13:33:33.337
1,4,4,4,2019-12-24T14:33:33.336,2019-12-24T14:33:33.336
1,5,5,5,2019-12-24T15:33:34.335,2019-12-24T15:33:33.335
1,6,6,6,2019-12-24T15:33:35.335,2019-12-24T15:33:33.335
1,7,7,7,2019-12-24T15:33:36.335,2019-12-24T15:33:33.335
1,8,8,8,2019-12-24T15:33:37.335,2019-12-24T15:33:33.335
1,9,9,9,2019-12-24T15:33:39.000,2019-12-24T15:33:33.000
1,10,10,10,2019-12-24T15:33:40.000,2019-12-24T15:33:33.000
1,11,10,2019-12-24T15:33:41.000,2019-12-24T15:33:41.000
